,iso_code,location,date,total_cases,total_deaths,population,total_cases_per_million,total_cases_per_hundred
0,FRO,Faeroe Islands,2022-03-05,34658.0,28.0,49053.0,706541.904,70.65419036552301
1,AND,Andorra,2022-03-05,38434.0,151.0,77354.0,496858.598,49.68585981332575
2,DNK,Denmark,2022-03-05,2853236.0,4830.0,5813302.0,490811.59,49.0811590383572
3,GIB,Gibraltar,2022-03-05,15622.0,101.0,33691.0,463684.664,46.36846635600012
4,SVN,Slovenia,2022-03-05,902744.0,6351.0,2078723.0,434278.16,43.42781601973904
5,SMR,San Marino,2022-03-05,14487.0,112.0,34010.0,425962.952,42.59629520729197
6,GEO,Georgia,2022-03-05,1623672.0,16338.0,3979773.0,407981.058,40.79810582161345
7,SVK,Slovakia,2022-03-05,2190599.0,18663.0,5449270.0,401998.616,40.19986163284256
8,SYC,Seychelles,2022-03-05,39427.0,163.0,98910.0,398614.902,39.86149024365585
9,ISR,Israel,2022-03-05,3669112.0,10274.0,9291000.0,394910.343,39.491034334302014
10,NLD,Netherlands,2022-03-05,6734097.0,21714.0,17173094.0,392130.678,39.21306783739727
11,EST,Estonia,2022-03-05,514067.0,2290.0,1325188.0,387920.054,38.79200536074882
12,ISL,Iceland,2022-03-05,140929.0,68.0,368792.0,382136.814,38.213681424759756
13,LVA,Latvia,2022-03-05,697548.0,5348.0,1866934.0,373632.919,37.36329189998146
14,CYP,Cyprus,2022-03-05,331508.0,875.0,896005.0,369984.542,36.99845424969727
15,MNE,Montenegro,2022-03-05,230887.0,2685.0,628051.0,367624.604,36.76246037344101
16,LTU,Lithuania,2022-03-05,928612.0,8503.0,2689862.0,345226.632,34.5226632444341
17,FRA,France,2022-03-05,23064766.0,139312.0,67422000.0,342095.547,34.20955474474207
18,CZE,Czechia,2022-03-05,3624937.0,38892.0,10724553.0,338003.551,33.800355129020296
19,LIE,Liechtenstein,2022-03-05,12833.0,78.0,38254.0,335468.186,33.54681863334553
20,CHE,Switzerland,2022-03-05,2890568.0,13174.0,8715494.0,331658.538,33.165853823087936
21,PRT,Portugal,2022-03-05,3322134.0,21182.0,10167923.0,326726.904,32.67269038130993
22,MDV,Maldives,2022-03-05,172270.0,297.0,543620.0,316894.154,31.68941540046356
23,ABW,Aruba,2022-03-05,33732.0,212.0,107195.0,314678.856,31.46788562899389
24,AUT,Austria,2022-03-05,2839297.0,14986.0,9043072.0,313974.831,31.397483067700886
25,BEL,Belgium,2022-03-05,3586292.0,30259.0,11632334.0,308303.733,30.83037333694167
26,BHR,Bahrain,2022-03-05,525171.0,1498.0,1748295.0,300390.38,30.039038034199034
27,LUX,Luxembourg,2022-03-05,186360.0,996.0,634814.0,293566.304,29.35663044608342
28,CYM,Cayman Islands,2022-03-05,19373.0,17.0,66498.0,291332.07,29.133207013744773
29,BES,Bonaire Sint Eustatius and Saba,2022-03-05,7616.0,31.0,26445.0,287993.95,28.799394970693893
30,GBR,United Kingdom,2022-03-05,19172095.0,162152.0,68207114.0,281086.442,28.108644209752082
31,SRB,Serbia,2022-03-05,1923977.0,15405.0,6871547.0,279991.827,27.999182716788518
32,MNG,Mongolia,2022-03-05,911183.0,2174.0,3329282.0,273687.54,27.36875398359166
33,IMN,Isle of Man,2022-03-05,23328.0,80.0,85410.0,273129.61,27.312961011591145
34,IRL,Ireland,2022-03-05,1315100.0,6531.0,4982904.0,263922.403,26.39224034819856
35,HRV,Croatia,2022-03-05,1062953.0,15194.0,4081657.0,260421.932,26.04219315831781
36,URY,Uruguay,2022-03-05,853170.0,7040.0,3485152.0,244801.375,24.48013745168073
37,PYF,French Polynesia,2022-03-05,68425.0,642.0,282534.0,242183.242,24.21832416629503
38,SWE,Sweden,2022-03-05,2455966.0,17512.0,10160159.0,241725.154,24.172515410437967
39,MCO,Monaco,2022-03-05,9537.0,51.0,39520.0,241320.85,24.132085020242915
40,GRC,Greece,2022-03-05,2499259.0,26143.0,10370747.0,240991.223,24.099122271520073
41,NOR,Norway,2022-03-05,1305006.0,1664.0,5465629.0,238765.932,23.876593160640798
42,USA,United States,2022-03-05,79265726.0,958437.0,332915074.0,238095.936,23.809593554180726
43,ESP,Spain,2022-03-05,11100428.0,100413.0,46745211.0,237466.636,23.746663588704305
44,CUW,Curacao,2022-03-05,39133.0,264.0,164796.0,237463.288,23.746328794388212
45,ITA,Italy,2022-03-05,12990223.0,155782.0,60367471.0,215185.808,21.518580760158066
46,PLW,Palau,2022-03-05,3844.0,6.0,18174.0,211510.95,21.151094970837462
47,GRL,Greenland,2022-03-05,11806.0,20.0,56868.0,207603.573,20.760357318702958
48,VGB,British Virgin Islands,2022-03-05,6091.0,62.0,30423.0,200210.367,20.021036715642772
49,NCL,New Caledonia,2022-03-05,56833.0,302.0,288217.0,197188.23,19.718822970192598
50,ARG,Argentina,2022-03-05,8934328.0,126708.0,45605823.0,195903.229,19.590322928718994
51,BRB,Barbados,2022-03-05,56013.0,319.0,287708.0,194686.974,19.46869742933808
52,BRN,Brunei,2022-03-05,84844.0,140.0,441532.0,192158.213,19.215821276827047
53,SPM,Saint Pierre and Miquelon,2022-03-05,1102.0,1.0,5771.0,190954.774,19.09547738693467
54,DEU,Germany,2022-03-05,15830112.0,124107.0,83900471.0,188677.272,18.867727214546864
55,BMU,Bermuda,2022-03-05,11634.0,123.0,62092.0,187367.133,18.736713264188623
56,HUN,Hungary,2022-03-05,1800046.0,44286.0,9634162.0,186839.914,18.68399140475321
57,PAN,Panama,2022-03-05,757487.0,8111.0,4381583.0,172879.756,17.287975601512056
58,AIA,Anguilla,2022-03-05,2555.0,9.0,15125.0,168925.62,16.892561983471076
59,TUR,Turkey,2022-03-05,14326217.0,95379.0,85042736.0,168459.032,16.84590321741295
60,CHL,Chile,2022-03-05,3168335.0,42955.0,19212362.0,164911.269,16.49112691089206
61,BGR,Bulgaria,2022-03-05,1100811.0,35811.0,6896655.0,159615.205,15.961520476230866
62,JOR,Jordan,2022-03-05,1638228.0,13849.0,10269022.0,159531.063,15.953106342551413
63,LBN,Lebanon,2022-03-05,1077242.0,10142.0,6769151.0,159139.898,15.913989804629857
64,CRI,Costa Rica,2022-03-05,814583.0,8082.0,5139053.0,158508.387,15.850838666190054
65,DMA,Dominica,2022-03-05,11248.0,61.0,72172.0,155849.914,15.58499140941085
66,POL,Poland,2022-03-05,5734041.0,112535.0,37797000.0,151706.247,15.170624652750217
67,SGP,Singapore,2022-03-05,819663.0,1073.0,5453600.0,150297.602,15.029760158427461
68,TCA,Turks and Caicos Islands,2022-03-05,5867.0,36.0,39226.0,149569.163,14.956916331004946
69,ROU,Romania,2022-03-05,2765169.0,63931.0,19127772.0,144563.047,14.456304686191364
70,KWT,Kuwait,2022-03-05,622489.0,2544.0,4328553.0,143809.952,14.38099521941859
71,MKD,North Macedonia,2022-03-05,299419.0,9075.0,2082661.0,143767.517,14.376751665297425
72,ARM,Armenia,2022-03-05,421226.0,8528.0,2968128.0,141916.386,14.191638635530543
73,BLZ,Belize,2022-03-05,56876.0,651.0,404915.0,140464.048,14.04640480100762
74,MLT,Malta,2022-03-05,71800.0,608.0,516100.0,139120.326,13.912032551831041
75,BRA,Brazil,2022-03-05,29040800.0,652216.0,213993441.0,135708.832,13.570883230949121
76,SUR,Suriname,2022-03-05,78487.0,1318.0,591798.0,132624.646,13.262464557163087
77,AUS,Australia,2022-03-05,3362035.0,5416.0,25788217.0,130370.975,13.037097524035882
78,MDA,Moldova,2022-03-05,504875.0,11285.0,4024025.0,125465.175,12.546517479389419
79,PSE,Palestine,2022-03-05,649971.0,5557.0,5222756.0,124449.812,12.444981155543164
80,LCA,Saint Lucia,2022-03-05,22733.0,360.0,184401.0,123280.243,12.328024251495382
81,QAT,Qatar,2022-03-05,358083.0,670.0,2930524.0,122190.775,12.219077543811277
82,GRD,Grenada,2022-03-05,13696.0,216.0,113015.0,121187.453,12.118745299296553
83,FIN,Finland,2022-03-05,671773.0,2387.0,5548361.0,121075.936,12.107593575832574
84,COL,Colombia,2022-03-05,6070616.0,139037.0,51265841.0,118414.443,11.841444286459673
85,UKR,Ukraine,2022-03-05,5040518.0,112459.0,43466822.0,115962.423,11.596242301772143
86,BIH,Bosnia and Herzegovina,2022-03-05,372139.0,15519.0,3263459.0,114032.075,11.40320745564752
87,RUS,Russia,2022-03-05,16619507.0,348467.0,145912022.0,113900.875,11.390087514516111
88,BWA,Botswana,2022-03-05,263950.0,2619.0,2397240.0,110105.788,11.010578832323839
89,MYS,Malaysia,2022-03-05,3595172.0,33173.0,32776195.0,109688.51,10.968851021297622
90,PER,Peru,2022-03-05,3522484.0,210907.0,33359415.0,105591.9,10.55918996181438
91,KNA,Saint Kitts and Nevis,2022-03-05,5536.0,42.0,53546.0,103387.741,10.33877413812423
92,CPV,Cape Verde,2022-03-05,55892.0,401.0,561901.0,99469.479,9.946947949905766
93,BLR,Belarus,2022-03-05,929340.0,6550.0,9442867.0,98417.144,9.841714386107524
94,CUB,Cuba,2022-03-05,1072474.0,8499.0,11317498.0,94762.464,9.476246428318344
95,ALB,Albania,2022-03-05,272030.0,3478.0,2872934.0,94687.173,9.46871734609984
96,TTO,Trinidad and Tobago,2022-03-05,129963.0,3652.0,1403374.0,92607.53,9.26075301380815
97,PRY,Paraguay,2022-03-05,643619.0,18460.0,7219641.0,89148.339,8.914833853927085
98,ARE,United Arab Emirates,2022-03-05,882477.0,2301.0,9991083.0,88326.461,8.832646070501065
99,CAN,Canada,2022-03-05,3334009.0,36998.0,38067913.0,87580.556,8.75805563598929
100,KOR,South Korea,2022-03-05,4456264.0,8957.0,51305184.0,86857.967,8.685796741319551
101,VCT,Saint Vincent and the Grenadines,2022-03-05,9447.0,106.0,111269.0,84902.354,8.49023537553137
102,TUN,Tunisia,2022-03-05,1005167.0,27922.0,11935764.0,84214.718,8.421471805240117
103,BHS,Bahamas,2022-03-05,33169.0,771.0,396914.0,83567.221,8.356722111087036
104,IRN,Iran,2022-03-05,7084306.0,137747.0,85028760.0,83316.586,8.331658605864652
105,GUY,Guyana,2022-03-05,63040.0,1223.0,790329.0,79764.25,7.976425007813202
106,AZE,Azerbaijan,2022-03-05,788958.0,9500.0,10223344.0,77172.205,7.717220510236181
107,BOL,Bolivia,2022-03-05,894551.0,21455.0,11832936.0,75598.398,7.5598397557461645
108,ATG,Antigua and Barbuda,2022-03-05,7455.0,135.0,98728.0,75510.493,7.551049347702779
109,OMN,Oman,2022-03-05,383874.0,4248.0,5223376.0,73491.55,7.349155029237796
110,KAZ,Kazakhstan,2022-03-05,1391984.0,18967.0,18994958.0,73281.762,7.328176245506834
111,LBY,Libya,2022-03-05,497279.0,6288.0,6958538.0,71463.144,7.146314355113099
112,FJI,Fiji,2022-03-05,64019.0,834.0,902899.0,70903.833,7.090383309761114
113,ZAF,South Africa,2022-03-05,3683172.0,99543.0,60041996.0,61343.264,6.13432638048875
114,NAM,Namibia,2022-03-05,157324.0,4013.0,2587344.0,60805.212,6.080521183112875
115,SWZ,Eswatini,2022-03-05,69297.0,1391.0,1172369.0,59108.523,5.9108522999158115
116,HKG,Hong Kong,2022-03-05,440609.0,1774.0,7552800.0,58337.173,5.833717296896515
117,IRQ,Iraq,2022-03-05,2307555.0,25041.0,41179351.0,56036.702,5.6036701501196555
118,MUS,Mauritius,2022-03-05,70862.0,786.0,1273428.0,55646.648,5.564664825965818
119,DOM,Dominican Republic,2022-03-05,575883.0,4371.0,10953714.0,52574.223,5.257422277046854
120,ECU,Ecuador,2022-03-05,836216.0,35264.0,17888474.0,46746.078,4.674607794941033
121,NZL,New Zealand,2022-03-05,222767.0,65.0,5126300.0,43455.709,4.345570879581764
122,GTM,Guatemala,2022-03-05,791944.0,17073.0,18249868.0,43394.506,4.339450564793126
123,THA,Thailand,2022-03-05,3026695.0,23235.0,69950844.0,43268.885,4.326888464705301
124,VNM,Vietnam,2022-03-05,4232520.0,40726.0,98168829.0,43114.704,4.311470395557025
125,JAM,Jamaica,2022-03-05,128166.0,2825.0,2973462.0,43103.292,4.310329171854223
126,MEX,Mexico,2022-03-05,5554392.0,319604.0,130262220.0,42640.084,4.264008397830161
127,JPN,Japan,2022-03-05,5341246.0,24816.0,126050796.0,42373.759,4.237375859173471
128,HND,Honduras,2022-03-05,413699.0,10785.0,10062994.0,41110.926,4.1110925833802545
129,WLF,Wallis and Futuna,2022-03-05,454.0,7.0,11094.0,40923.021,4.092302145303768
130,VAT,Vatican,2022-03-05,29.0,,812.0,35714.286,3.571428571428571
131,PHL,Philippines,2022-03-05,3666678.0,56879.0,111046910.0,33019.181,3.301918081286548
132,NPL,Nepal,2022-03-05,977447.0,11945.0,29674920.0,32938.488,3.293848812397809
133,MSR,Montserrat,2022-03-05,164.0,2.0,4981.0,32925.115,3.292511543866693
134,FLK,Falkland Islands,2022-03-05,115.0,,3528.0,32596.372,3.259637188208617
135,MAR,Morocco,2022-03-05,1161586.0,16015.0,37344787.0,31104.368,3.1104368060795204
136,IND,India,2022-03-05,42962953.0,515036.0,1393409033.0,30832.98,3.0832980110299024
137,KGZ,Kyrgyzstan,2022-03-05,200615.0,2963.0,6628347.0,30266.219,3.026621871184475
138,LKA,Sri Lanka,2022-03-05,649632.0,16321.0,21497306.0,30219.228,3.021922840006092
139,STP,Sao Tome and Principe,2022-03-05,5939.0,72.0,223364.0,26588.886,2.65888863021794
140,KIR,Kiribati,2022-03-05,2985.0,11.0,121388.0,24590.569,2.459056908425874
141,SLV,El Salvador,2022-03-05,156364.0,4086.0,6518500.0,23987.727,2.398772723786147
142,SAU,Saudi Arabia,2022-03-05,747119.0,9006.0,35340680.0,21140.482,2.114048173379799
143,GAB,Gabon,2022-03-05,47559.0,303.0,2278829.0,20869.929,2.0869929248750125
144,IDN,Indonesia,2022-03-05,5723858.0,149918.0,276361788.0,20711.467,2.071146681103395
145,LAO,Laos,2022-03-05,143969.0,628.0,7379358.0,19509.692,1.950969176451393
146,BTN,Bhutan,2022-03-05,14451.0,7.0,779900.0,18529.299,1.8529298628029236
147,VEN,Venezuela,2022-03-05,516578.0,5647.0,28704947.0,17996.131,1.799613146820999
148,TLS,Timor,2022-03-05,22741.0,129.0,1343875.0,16921.961,1.692196074783741
149,ZMB,Zambia,2022-03-05,313744.0,3958.0,18920657.0,16582.088,1.6582088032143913
150,ZWE,Zimbabwe,2022-03-05,239019.0,5397.0,15092171.0,15837.284,1.5837284112405032
151,DJI,Djibouti,2022-03-05,15550.0,189.0,1002197.0,15515.912,1.5515911542341476
152,LSO,Lesotho,2022-03-05,32707.0,697.0,2159067.0,15148.673,1.5148673014779068
153,MRT,Mauritania,2022-03-05,58646.0,980.0,4775110.0,12281.602,1.2281601889799396
154,BGD,Bangladesh,2022-03-05,1946737.0,29077.0,166303494.0,11705.93,1.170592964210361
155,SLB,Solomon Islands,2022-03-05,7940.0,115.0,703995.0,11278.489,1.1278489193815295
156,GNQ,Equatorial Guinea,2022-03-05,15889.0,183.0,1449891.0,10958.755,1.0958754830535538
157,MMR,Myanmar,2022-03-05,597417.0,19386.0,54806014.0,10900.574,1.0900573794693407
158,RWA,Rwanda,2022-03-05,129551.0,1458.0,13276517.0,9757.906,0.9757905631424266
159,COM,Comoros,2022-03-05,8047.0,160.0,888456.0,9057.286,0.905728589823244
160,TON,Tonga,2022-03-05,898.0,,106759.0,8411.469,0.8411468822300696
161,KHM,Cambodia,2022-03-05,132072.0,3040.0,16946446.0,7793.493,0.7793492511645215
162,MOZ,Mozambique,2022-03-05,225135.0,2196.0,32163045.0,6999.804,0.6999803656650047
163,UZB,Uzbekistan,2022-03-05,236840.0,1637.0,33935765.0,6979.068,0.6979067659149573
164,PAK,Pakistan,2022-03-05,1514258.0,30265.0,225199929.0,6724.061,0.6724060734495169
165,DZA,Algeria,2022-03-05,265227.0,6853.0,44616626.0,5944.578,0.594457770069839
166,KEN,Kenya,2022-03-05,323071.0,5640.0,54985702.0,5875.546,0.5875545610020583
167,GHA,Ghana,2022-03-05,160028.0,1442.0,31732128.0,5043.091,0.5043090712353108
168,SEN,Senegal,2022-03-05,85747.0,1961.0,17196308.0,4986.361,0.4986361025866715
169,GMB,Gambia,2022-03-05,11948.0,365.0,2486937.0,4804.303,0.4804303446367962
170,EGY,Egypt,2022-03-05,489876.0,24172.0,104258327.0,4698.675,0.46986750516340053
171,PNG,Papua New Guinea,2022-03-05,41421.0,638.0,9119005.0,4542.272,0.4542271881636209
172,CMR,Cameroon,2022-03-05,119322.0,1926.0,27224262.0,4382.929,0.43829287273241785
173,AFG,Afghanistan,2022-03-05,174331.0,7622.0,39835428.0,4376.28,0.43762803301623865
174,MWI,Malawi,2022-03-05,85411.0,2618.0,19647681.0,4347.129,0.43471288036486344
175,TGO,Togo,2022-03-05,36815.0,272.0,8478242.0,4342.292,0.43422917156646396
176,COG,Congo,2022-03-05,24020.0,378.0,5657017.0,4246.054,0.4246054059940071
177,GNB,Guinea-Bissau,2022-03-05,8027.0,167.0,2015490.0,3982.654,0.39826543421202787
178,ETH,Ethiopia,2022-03-05,468930.0,7476.0,117876226.0,3978.156,0.3978155866646087
179,UGA,Uganda,2022-03-05,163383.0,3590.0,47123533.0,3467.121,0.34671211939902724
180,CIV,Cote d'Ivoire,2022-03-05,85518.0,795.0,27053629.0,3161.055,0.3161054659247378
181,BDI,Burundi,2022-03-05,38150.0,38.0,12255429.0,3112.906,0.3112906125114021
182,SYR,Syria,2022-03-05,54963.0,3092.0,18275704.0,3007.435,0.3007435445441664
183,AGO,Angola,2022-03-05,98796.0,1900.0,33933611.0,2911.45,0.29114496538549933
184,CAF,Central African Republic,2022-03-05,14320.0,113.0,4919987.0,2910.577,0.2910576796239502
185,NIC,Nicaragua,2022-03-05,18105.0,225.0,6702379.0,2701.28,0.2701279650106328
186,ERI,Eritrea,2022-03-05,9715.0,103.0,3601462.0,2697.516,0.2697515620045415
187,GIN,Guinea,2022-03-05,36397.0,440.0,13497237.0,2696.626,0.2696625983525369
188,HTI,Haiti,2022-03-05,30385.0,876.0,11541683.0,2632.632,0.26326316534598987
189,MDG,Madagascar,2022-03-05,63791.0,1373.0,28427333.0,2244.002,0.2244002277667061
190,BEN,Benin,2022-03-05,26575.0,163.0,12451031.0,2134.361,0.21343614034853822
191,TJK,Tajikistan,2022-03-05,17786.0,125.0,9749625.0,1824.275,0.18242752926394604
192,SOM,Somalia,2022-03-05,26351.0,1348.0,16359500.0,1610.746,0.16107460496958953
193,SSD,South Sudan,2022-03-05,16999.0,137.0,11381377.0,1493.58,0.14935802583465954
194,MLI,Mali,2022-03-05,30398.0,724.0,20855724.0,1457.538,0.14575375086475062
195,LBR,Liberia,2022-03-05,7384.0,294.0,5180208.0,1425.425,0.14254253883241755
196,SDN,Sudan,2022-03-05,61569.0,3912.0,44909351.0,1370.962,0.1370961695705645
197,NGA,Nigeria,2022-03-05,254637.0,3142.0,211400704.0,1204.523,0.12045229518251746
198,BFA,Burkina Faso,2022-03-05,20751.0,375.0,21497097.0,965.293,0.09652931277185939
199,SLE,Sierra Leone,2022-03-05,7665.0,125.0,8141343.0,941.491,0.0941490857220977
200,COD,Democratic Republic of Congo,2022-03-05,86154.0,1335.0,92377986.0,932.625,0.0932624792231344
201,TWN,Taiwan,2022-03-05,20797.0,853.0,23855008.0,871.809,0.08718085527365994
202,SHN,Saint Helena,2022-03-05,4.0,,6095.0,656.276,0.06562756357670221
203,TZA,Tanzania,2022-03-05,33620.0,798.0,61498438.0,546.681,0.05466805514637624
204,TCD,Chad,2022-03-05,7257.0,190.0,16914985.0,429.028,0.04290278708494273
205,YEM,Yemen,2022-03-05,11775.0,2135.0,30490639.0,386.184,0.03861841006349523
206,NER,Niger,2022-03-05,8760.0,307.0,25130810.0,348.576,0.03485761103601515
207,WSM,Samoa,2022-03-05,33.0,,200144.0,164.881,0.01648812854744584
208,MAC,Macao,2022-03-05,82.0,,658391.0,124.546,0.012454605242173724
209,MHL,Marshall Islands,2022-03-05,7.0,,59618.0,117.414,0.01174142037639639
210,COK,Cook Islands,2022-03-05,2.0,,17572.0,113.817,0.011381743683132257
211,CHN,China,2022-03-05,110868.0,4654.0,1444216102.0,76.767,0.007676690479109477
212,VUT,Vanuatu,2022-03-05,19.0,1.0,314464.0,60.42,0.006042027068281266
213,FSM,Micronesia (country),2022-03-05,1.0,,116255.0,8.602,0.0008601780568577696
